<?xml version="1.0" encoding="UTF-8"?>
<project-private xmlns="http://www.netbeans.org/ns/project-private/1">
    <editor-bookmarks xmlns="http://www.netbeans.org/ns/editor-bookmarks/2" lastBookmarkId="0"/>
    <open-files xmlns="http://www.netbeans.org/ns/projectui-open-files/2">
        <group>
            <file>file:/C:/Users/gabrijela/Desktop/Java-projekt-main/Java-projekt-main/Sustav_LU/src/Matrica.java</file>
            <file>file:/C:/Users/gabrijela/Desktop/Java-projekt-main/Java-projekt-main/Sustav_LU/src/Supstitucija.java</file>
            <file>file:/C:/Users/gabrijela/Desktop/Java-projekt-main/Java-projekt-main/Sustav_LU/src/DrugaForma.java</file>
            <file>file:/C:/Users/gabrijela/Desktop/Java-projekt-main/Java-projekt-main/Sustav_LU/src/DvijeMatrice.java</file>
            <file>file:/C:/Users/gabrijela/Desktop/Java-projekt-main/Java-projekt-main/Sustav_LU/src/Samo_Za_poziva.java</file>
            <file>file:/C:/Users/gabrijela/Desktop/Java-projekt-main/Java-projekt-main/Sustav_LU/src/PrvaForma.java</file>
        </group>
    </open-files>
</project-private>
